Id,median_house_value
0,487237.4666666667
1,269820.0
2,218263.36666666667
3,205986.66666666666
4,141650.0
5,136770.0
6,63690.0
7,434230.26666666666
8,109050.0
9,96153.33333333333
10,346643.36666666664
11,76820.0
12,211560.0
13,197580.0
14,234533.33333333334
15,130526.66666666667
16,194820.0
17,358586.76666666666
18,309846.6666666667
19,380536.8
20,226296.66666666666
21,304536.6666666667
22,176103.33333333334
23,81253.33333333333
24,227303.33333333334
25,103250.0
26,328480.0
27,207693.33333333334
28,198073.33333333334
29,114106.66666666667
30,214493.33333333334
31,188150.0
32,209260.0
33,175676.66666666666
34,179096.66666666666
35,384823.5
36,201953.33333333334
37,273873.36666666664
38,153386.66666666666
39,78710.0
40,258076.66666666666
41,237823.33333333334
42,315210.0
43,370863.5
44,289343.3333333333
45,192843.33333333334
46,72673.33333333333
47,78933.33333333333
48,61650.0
49,300143.4
50,159550.0
51,83206.66666666667
52,287520.0
53,248486.7
54,499954.3
55,254963.33333333334
56,417163.5
57,113566.66666666667
58,313776.6666666667
59,138370.0
60,212576.66666666666
61,488894.2
62,357386.6666666667
63,228956.66666666666
64,176896.66666666666
65,196090.0
66,128633.33333333333
67,110590.0
68,299190.0
69,481367.43333333335
70,453697.3333333333
71,267870.0
72,213410.0
73,106773.33333333333
74,461337.2
75,229323.33333333334
76,89430.0
77,119216.66666666667
78,69900.0
79,56340.0
80,233550.0
81,331626.6666666667
82,156040.0
83,111423.33333333333
84,333313.4
85,218260.0
86,465934.06666666665
87,225166.66666666666
88,264850.0
89,214473.36666666667
90,118780.0
91,290050.0
92,84640.0
93,129413.33333333333
94,113650.0
95,142603.33333333334
96,73073.33333333333
97,192393.33333333334
98,231760.0
99,215246.66666666666
100,179570.0
101,104683.33333333333
102,173843.33333333334
103,119173.33333333333
104,298546.6666666667
105,294410.0
106,109673.33333333333
107,228003.33333333334
108,131780.0
109,223580.0
110,86590.0
111,256786.66666666666
112,67033.33333333333
113,81990.0
114,91906.66666666667
115,93153.33333333333
116,259623.36666666667
117,148200.0
118,250510.1
119,187816.66666666666
120,305793.3333333333
121,286000.06666666665
122,96763.33333333333
123,326010.0
124,65463.333333333336
125,85803.33333333333
126,181240.0
127,197783.36666666667
128,277950.0333333333
129,111493.33333333333
130,247813.33333333334
131,349133.36666666664
132,152723.33333333334
133,499437.63333333336
134,212180.0
135,110406.66666666667
136,126580.0
137,127410.0
138,135516.66666666666
139,111810.0
140,181676.66666666666
141,212216.66666666666
142,301573.3333333333
143,253573.33333333334
144,137900.0
145,219393.33333333334
146,497307.63333333336
147,471923.56666666665
148,419683.43333333335
149,397296.8
150,317040.0
151,189466.66666666666
152,192106.66666666666
153,117110.0
154,223223.5
155,182240.06666666668
156,185883.33333333334
157,347316.7
158,191940.0
159,70976.66666666667
160,368720.06666666665
161,225883.33333333334
162,147596.66666666666
163,317353.43333333335
164,492264.1666666667
165,263473.3333333333
166,367543.4
167,260940.0
168,259653.33333333334
169,192576.66666666666
170,100906.66666666667
171,202070.0
172,227610.0
173,162803.33333333334
174,164033.33333333334
175,122730.0
176,117566.66666666667
177,210186.66666666666
178,86076.66666666667
179,134173.33333333334
180,291476.7
181,147933.33333333334
182,92416.66666666667
183,166576.7
184,274570.0
185,89640.0
186,168180.0
187,163320.0
188,159470.0
189,157580.0
190,315743.3333333333
191,104836.66666666667
192,289796.73333333334
193,221370.06666666668
194,270263.4
195,271793.3333333333
196,313120.0
197,201896.66666666666
198,236306.73333333334
199,196016.66666666666
200,312470.0
201,55480.0
202,242350.03333333333
203,158763.33333333334
204,195373.33333333334
205,320166.6666666667
206,186606.66666666666
207,204910.0
208,388337.0
209,100343.33333333333
210,72443.33333333333
211,272990.0
212,500001.0
213,197043.33333333334
214,249176.66666666666
215,138426.66666666666
216,105550.0
217,244850.0
218,204070.0
219,143306.66666666666
220,328943.4
221,89960.0
222,196406.66666666666
223,163283.33333333334
224,168436.66666666666
225,156343.33333333334
226,164706.66666666666
227,419903.76666666666
228,179633.33333333334
229,169906.66666666666
230,222956.66666666666
231,173340.0
232,95213.33333333333
233,161943.33333333334
234,195373.33333333334
235,405426.9666666667
236,94473.33333333333
237,84590.0
238,213200.0
239,142883.33333333334
240,230513.46666666667
241,315400.1
242,160566.66666666666
243,277220.0333333333
244,119263.33333333333
245,77040.0
246,134943.33333333334
247,402963.43333333335
248,299456.6666666667
249,259070.0
250,156136.66666666666
251,126583.33333333333
252,163360.0
253,154026.66666666666
254,411143.6
255,252940.0
256,361433.4666666667
257,208773.33333333334
258,209466.66666666666
259,160170.0
260,157930.0
261,214523.33333333334
262,202290.0
263,206266.66666666666
264,57120.0
265,421260.26666666666
266,121046.66666666667
267,313863.36666666664
268,122380.0
269,105936.66666666667
270,235610.06666666668
271,365343.56666666665
272,100036.66666666667
273,230400.0
274,92863.33333333333
275,126030.0
276,136740.0
277,235570.03333333333
278,124580.0
279,463300.56666666665
280,381576.9
281,194650.0
282,68136.66666666667
283,60153.333333333336
284,113003.33333333333
285,128440.0
286,244496.66666666666
287,412420.4666666667
288,123323.33333333333
289,359033.4
290,73180.0
291,147480.0
292,187510.0
293,436566.9666666667
294,289280.06666666665
295,285086.6666666667
296,217520.0
297,254556.66666666666
298,136686.66666666666
299,352710.0333333333
300,200976.66666666666
301,279016.6666666667
302,336803.3333333333
303,100666.66666666667
304,197826.66666666666
305,203926.66666666666
306,217303.36666666667
307,343820.06666666665
308,161103.33333333334
309,79506.66666666667
310,107973.33333333333
311,67170.0
312,180333.33333333334
313,269890.0333333333
314,112220.0
315,114440.0
316,424880.36666666664
317,290713.36666666664
318,167490.0
319,119970.0
320,206780.0
321,293576.73333333334
322,417057.06666666665
323,157110.0
324,75670.0
325,128893.33333333333
326,221260.0
327,449320.63333333336
328,129436.66666666667
329,235580.03333333333
330,249113.33333333334
331,201826.66666666666
332,163663.33333333334
333,126336.66666666667
334,182656.66666666666
335,336586.7
336,124596.66666666667
337,91826.66666666667
338,128053.33333333333
339,500001.0
340,113686.66666666667
341,415056.9
342,57306.666666666664
343,321963.36666666664
344,221320.0
345,182496.66666666666
346,159153.33333333334
347,155346.66666666666
348,258723.33333333334
349,133910.0
350,83226.66666666667
351,421993.7
352,220433.33333333334
353,93343.33333333333
354,293663.3333333333
355,173720.0
356,227556.66666666666
357,156130.0
358,301786.6666666667
359,308816.7
360,239893.33333333334
361,219870.0
362,258266.66666666666
363,353726.8
364,172966.66666666666
365,273283.3333333333
366,236273.33333333334
367,382446.76666666666
368,239286.66666666666
369,139613.33333333334
370,204350.0
371,79903.33333333333
372,88766.66666666667
373,167583.33333333334
374,54656.666666666664
375,275670.0333333333
376,224366.66666666666
377,223836.66666666666
378,264670.0
379,114183.33333333333
380,253056.66666666666
381,283556.6666666667
382,153103.33333333334
383,105806.66666666667
384,218213.33333333334
385,130536.66666666667
386,182786.66666666666
387,168133.33333333334
388,256130.0
389,115723.33333333333
390,181410.0
391,185490.0
392,92750.0
393,223990.0
394,133473.33333333334
395,391003.4666666667
396,206560.0
397,148150.0
398,122713.33333333333
399,449120.36666666664
400,165443.33333333334
401,258183.36666666667
402,92803.33333333333
403,222900.03333333333
404,99763.33333333333
405,72646.66666666667
406,178606.66666666666
407,90650.0
408,86696.66666666667
409,111810.0
410,92416.66666666667
411,188280.0
412,105370.0
413,187230.0
414,381076.86666666664
415,164756.66666666666
416,249026.66666666666
417,119353.33333333333
418,243516.7
419,216983.33333333334
420,196290.0
421,143940.0
422,255280.0
423,141610.0
424,216413.33333333334
425,180843.36666666667
426,229446.66666666666
427,83386.66666666667
428,70990.0
429,90436.66666666667
430,323693.3333333333
431,198903.36666666667
432,66190.0
433,201290.0
434,414626.9666666667
435,285590.1666666667
436,236160.0
437,311743.3333333333
438,136943.33333333334
439,344170.1666666667
440,196896.66666666666
441,134306.66666666666
442,76593.33333333333
443,251200.0
444,120560.0
445,98000.0
446,156406.66666666666
447,209213.33333333334
448,95420.0
449,108300.0
450,292946.7
451,250926.66666666666
452,115796.66666666667
453,216143.36666666667
454,252553.36666666667
455,248116.66666666666
456,328620.2
457,302476.6666666667
458,95196.66666666667
459,106233.33333333333
460,342916.7
461,287900.0
462,365996.8333333333
463,172936.66666666666
464,192623.33333333334
465,289260.0
466,237376.66666666666
467,248350.0
468,297180.0
469,92120.0
470,210043.33333333334
471,100033.33333333333
472,181556.66666666666
473,134860.0
474,133103.33333333334
475,105320.0
476,500001.0
477,490004.2
478,288650.13333333336
479,257636.66666666666
480,451327.06666666665
481,249970.0
482,181026.66666666666
483,309693.36666666664
484,178633.33333333334
485,98673.33333333333
486,282186.7
487,233976.66666666666
488,192943.33333333334
489,88446.66666666667
490,170076.66666666666
491,476527.26666666666
492,86936.66666666667
493,135106.66666666666
494,244056.66666666666
495,263523.3333333333
496,150840.0
497,142010.0
498,104236.66666666667
499,339430.06666666665
500,315786.6666666667
501,129730.0
502,254730.0
503,164820.0
504,115810.0
505,115483.33333333333
506,98586.66666666667
507,89633.33333333333
508,242546.66666666666
509,105626.66666666667
510,154426.66666666666
511,92270.0
512,108230.0
513,53023.333333333336
514,75996.66666666667
515,292530.0333333333
516,224200.06666666668
517,82926.66666666667
518,372043.36666666664
519,173366.66666666666
520,263793.3333333333
521,150300.0
522,271793.3333333333
523,124593.33333333333
524,322773.4
525,239110.0
526,144046.66666666666
527,111153.33333333333
528,181720.0
529,89003.33333333333
530,221090.0
531,281736.6666666667
532,500001.0
533,327473.3333333333
534,188796.66666666666
535,251963.33333333334
536,455523.8
537,175430.0
538,204236.66666666666
539,198643.33333333334
540,310693.3333333333
541,119003.33333333333
542,450393.8
543,84840.0
544,362456.76666666666
545,162936.66666666666
546,367693.43333333335
547,321633.5
548,221833.33333333334
549,188340.0
550,252483.33333333334
551,169066.76666666666
552,174756.66666666666
553,243003.36666666667
554,148190.0
555,146796.66666666666
556,177470.0
557,148580.0
558,343900.06666666665
559,119913.33333333333
560,220333.43333333332
561,199456.66666666666
562,128293.33333333333
563,66180.0
564,493340.86666666664
565,231166.66666666666
566,68456.66666666667
567,147390.0
568,143243.33333333334
569,91946.66666666667
570,206703.33333333334
571,183913.33333333334
572,130710.0
573,367130.0
574,99086.66666666667
575,176736.66666666666
576,452640.36666666664
577,191916.66666666666
578,170840.0
579,208576.66666666666
580,142606.66666666666
581,92060.0
582,273720.0
583,252553.33333333334
584,107966.66666666667
585,87513.33333333333
586,150333.33333333334
587,60796.666666666664
588,232410.0
589,102053.33333333333
590,199040.0
591,285446.73333333334
592,302590.0
593,79530.0
594,57080.0
595,70160.0
596,66880.0
597,189910.0
598,366070.06666666665
599,76983.33333333333
600,100280.0
601,269960.0
602,112880.0
603,229866.66666666666
604,91906.66666666667
605,261706.66666666666
606,226963.36666666667
607,104173.33333333333
608,214343.33333333334
609,125343.33333333333
610,198826.66666666666
611,225040.0
612,458254.0
613,152796.66666666666
614,48780.0
615,189570.0
616,149296.66666666666
617,250053.33333333334
618,404030.2
619,203180.03333333333
620,243540.03333333333
621,316560.0
622,244760.0
623,88336.66666666667
624,124226.66666666667
625,72296.66666666667
626,195753.33333333334
627,249766.66666666666
628,233196.66666666666
629,120646.66666666667
630,84520.0
631,477017.4666666667
632,112753.33333333333
633,269913.3333333333
634,340183.4
635,168096.66666666666
636,239513.33333333334
637,92066.66666666667
638,186210.0
639,76106.66666666667
640,134303.33333333334
641,132526.66666666666
642,157236.66666666666
643,319123.36666666664
644,184240.0
645,136543.33333333334
646,429123.6666666667
647,118370.0
648,187930.0
649,211443.33333333334
650,129726.66666666667
651,253733.33333333334
652,236003.4
653,177820.0
654,100253.33333333333
655,236806.66666666666
656,120873.33333333333
657,84233.33333333333
658,364883.43333333335
659,205863.33333333334
660,210380.0
661,391713.4666666667
662,186223.33333333334
663,368193.36666666664
664,164496.66666666666
665,293836.7
666,201166.66666666666
667,177506.66666666666
668,235593.4
669,358106.6666666667
670,162426.66666666666
671,106013.33333333333
672,172016.66666666666
673,369633.4666666667
674,103560.0
675,112396.66666666667
676,137193.33333333334
677,222250.0
678,155670.0
679,76413.33333333333
680,311726.73333333334
681,331783.4
682,118776.66666666667
683,375723.36666666664
684,301843.3333333333
685,303406.7
686,105573.33333333333
687,186446.66666666666
688,146510.0
689,198740.0
690,344026.6666666667
691,418433.76666666666
692,173450.0
693,160063.33333333334
694,51733.333333333336
695,55263.333333333336
696,153823.33333333334
697,118326.66666666667
698,188370.0
699,191926.66666666666
700,164716.66666666666
701,236973.36666666667
702,194840.0
703,229603.33333333334
704,217563.33333333334
705,160466.66666666666
706,152936.66666666666
707,66646.66666666667
708,129920.0
709,230300.06666666668
710,255236.66666666666
711,346810.23333333334
712,144143.33333333334
713,282536.6666666667
714,111056.66666666667
715,340986.8
716,391916.8
717,184430.0
718,312596.6666666667
719,95103.33333333333
720,98016.66666666667
721,180590.0
722,239673.33333333334
723,235773.33333333334
724,184670.0
725,119193.33333333333
726,170996.66666666666
727,217670.0
728,109940.0
729,220713.43333333332
730,284740.0
731,175543.33333333334
732,183096.66666666666
733,132010.0
734,230480.03333333333
735,125746.66666666667
736,89296.66666666667
737,153130.0
738,224713.33333333334
739,114290.0
740,160106.66666666666
741,121943.33333333333
742,297083.36666666664
743,441293.76666666666
744,323730.0333333333
745,133190.0
746,70103.33333333333
747,215733.33333333334
748,171183.33333333334
749,126210.0
750,105290.0
751,483957.4666666667
752,82010.0
753,68156.66666666667
754,228203.33333333334
755,220143.33333333334
756,160820.0
757,185236.66666666666
758,298920.0
759,114856.66666666667
760,189486.66666666666
761,141040.0
762,119356.66666666667
763,426830.3333333333
764,102030.0
765,353590.1
766,156503.33333333334
767,79436.66666666667
768,216800.0
769,122426.66666666667
770,153690.0
771,90156.66666666667
772,110896.66666666667
773,194743.33333333334
774,210020.0
775,230246.66666666666
776,94873.33333333333
777,489340.8333333333
778,336466.73333333334
779,204720.0
780,185750.0
781,177860.0
782,225720.0
783,151096.66666666666
784,200843.33333333334
785,289070.06666666665
786,281590.0
787,120250.0
788,242743.33333333334
789,56656.666666666664
790,241006.66666666666
791,238920.0
792,183976.66666666666
793,218626.66666666666
794,174780.0
795,203736.66666666666
796,148866.66666666666
797,172290.0
798,112053.33333333333
799,128356.66666666667
800,126753.33333333333
801,104356.66666666667
802,133530.0
803,261240.0
804,259826.66666666666
805,89106.66666666667
806,210806.7
807,188646.66666666666
808,100673.33333333333
809,276563.3333333333
810,179590.0
811,300856.8
812,111250.0
813,103153.33333333333
814,185886.66666666666
815,229266.66666666666
816,127126.66666666667
817,238033.36666666667
818,268506.6666666667
819,154666.66666666666
820,197783.33333333334
821,166146.66666666666
822,222820.0
823,346210.0333333333
824,264490.0
825,405666.73333333334
826,290396.6666666667
827,231823.33333333334
828,209700.0
829,117756.66666666667
830,165950.0
831,193926.66666666666
832,81606.66666666667
833,198820.1
834,252473.33333333334
835,90153.33333333333
836,100863.33333333333
837,337366.7
838,206750.0
839,112450.0
840,276210.0333333333
841,344200.1
842,162643.33333333334
843,357246.6666666667
844,130736.66666666667
845,186290.0
846,127386.66666666667
847,219823.33333333334
848,253123.33333333334
849,77036.66666666667
850,488374.1666666667
851,153473.33333333334
852,232543.33333333334
853,381153.4
854,208870.0
855,101463.33333333333
856,189540.0
857,383636.73333333334
858,67063.33333333333
859,176630.0
860,186420.0
861,57320.0
862,254973.33333333334
863,77153.33333333333
864,186153.33333333334
865,323243.36666666664
866,259480.0
867,154933.33333333334
868,407870.23333333334
869,213883.33333333334
870,302816.6666666667
871,139780.0
872,223100.0
873,189186.66666666666
874,109456.66666666667
875,198643.33333333334
876,108040.0
877,150013.33333333334
878,286393.36666666664
879,183193.33333333334
880,149573.33333333334
881,116213.33333333333
882,179410.0
883,260863.33333333334
884,103803.33333333333
885,169010.0
886,186110.0
887,158370.0
888,137500.0
889,206556.66666666666
890,486720.76666666666
891,344290.0333333333
892,189353.33333333334
893,260556.66666666666
894,182020.0
895,175043.33333333334
896,355070.0
897,114373.33333333333
898,214773.33333333334
899,350050.06666666665
900,87880.0
901,327263.3333333333
902,384716.7
903,178736.66666666666
904,253826.66666666666
905,224490.0
906,78363.33333333333
907,272023.3333333333
908,157643.33333333334
909,390390.1666666667
910,327613.4
911,381603.4
912,233620.0
913,267043.3333333333
914,91743.33333333333
915,80983.33333333333
916,370203.4
917,69246.66666666667
918,464610.7
919,189870.0
920,157516.66666666666
921,182936.66666666666
922,203343.33333333334
923,408416.8333333333
924,59056.666666666664
925,170353.33333333334
926,344596.7
927,142836.66666666666
928,74780.0
929,62653.333333333336
930,92033.33333333333
931,125446.66666666667
932,346493.4
933,63590.0
934,211293.33333333334
935,69476.66666666667
936,173796.66666666666
937,125423.33333333333
938,186313.33333333334
939,116623.33333333333
940,114443.33333333333
941,195226.66666666666
942,132120.0
943,159673.33333333334
944,270676.6666666667
945,62963.333333333336
946,208230.03333333333
947,295476.6666666667
948,182360.0
949,203980.0
950,265466.6666666667
951,228400.0
952,69606.66666666667
953,369100.2
954,181733.33333333334
955,230696.66666666666
956,66346.66666666667
957,241496.66666666666
958,181653.33333333334
959,237066.66666666666
960,129466.66666666667
961,196240.0
962,450190.5
963,153963.33333333334
964,175610.0
965,136316.66666666666
966,155806.66666666666
967,136420.0
968,139893.33333333334
969,200636.66666666666
970,262510.0
971,79076.66666666667
972,446937.2
973,126530.0
974,151763.33333333334
975,305316.73333333334
976,272913.3333333333
977,241673.33333333334
978,331386.86666666664
979,169616.66666666666
980,74163.33333333333
981,69063.33333333333
982,372990.1
983,426547.13333333336
984,198616.66666666666
985,123140.0
986,212856.66666666666
987,110940.0
988,255120.0
989,201633.33333333334
990,188483.33333333334
991,159770.0
992,176556.66666666666
993,160850.0
994,67160.0
995,274430.0
996,167236.66666666666
997,288370.0
998,271983.3333333333
999,363970.0
1000,161880.0
1001,252293.33333333334
1002,70763.33333333333
1003,313140.0333333333
1004,147350.0
1005,108776.66666666667
1006,126530.0
1007,131360.0
1008,265416.6666666667
1009,68490.0
1010,165550.0
1011,156993.33333333334
1012,77833.33333333333
1013,193813.33333333334
1014,137386.66666666666
1015,238620.0
1016,165740.0
1017,133930.0
1018,206396.66666666666
1019,250003.33333333334
1020,163140.0
1021,233790.0
1022,89956.66666666667
1023,467523.9666666667
1024,253076.66666666666
1025,146290.0
1026,141800.0
1027,116810.0
1028,352550.0333333333
1029,317060.0333333333
1030,249200.0
1031,193663.33333333334
1032,119863.33333333333
1033,82953.33333333333
1034,424213.73333333334
1035,257533.33333333334
1036,139536.66666666666
1037,170936.66666666666
1038,347700.0
1039,119843.33333333333
1040,140250.0
1041,105913.33333333333
1042,82823.33333333333
1043,249343.33333333334
1044,188380.0
1045,131400.0
1046,127986.66666666667
1047,179733.33333333334
1048,123036.66666666667
1049,341963.3333333333
1050,154120.0
1051,194896.66666666666
1052,242036.7
1053,247280.0
1054,200403.33333333334
1055,232896.7
1056,106763.33333333333
1057,115703.33333333333
1058,202046.66666666666
1059,51060.0
1060,157740.0
1061,243980.03333333333
1062,247146.66666666666
1063,117406.66666666667
1064,131583.33333333334
1065,315570.06666666665
1066,194010.0
1067,334243.43333333335
1068,398556.9
1069,317666.73333333334
1070,232523.33333333334
1071,178986.66666666666
1072,260110.03333333333
1073,225463.33333333334
1074,198093.33333333334
1075,258213.33333333334
1076,368656.73333333334
1077,69676.66666666667
1078,213633.33333333334
1079,228130.0
1080,174763.33333333334
1081,244226.7
1082,245893.33333333334
1083,133103.33333333334
1084,183980.0
1085,155763.33333333334
1086,206636.66666666666
1087,183716.66666666666
1088,111306.66666666667
1089,350206.73333333334
1090,211566.66666666666
1091,76093.33333333333
1092,116160.0
1093,152600.0
1094,193173.33333333334
1095,187550.0
1096,100413.33333333333
1097,486210.4666666667
1098,66576.66666666667
1099,101043.33333333333
1100,164780.0
1101,155113.33333333334
1102,184896.66666666666
1103,164023.33333333334
1104,107036.66666666667
1105,277173.36666666664
1106,364883.4
1107,180546.66666666666
1108,175183.33333333334
1109,126350.03333333334
1110,268853.3333333333
1111,200593.33333333334
1112,106660.0
1113,115496.66666666667
1114,332970.0333333333
1115,68393.33333333333
1116,108043.33333333333
1117,259993.33333333334
1118,100030.0
1119,157826.66666666666
1120,274253.3333333333
1121,265813.36666666664
1122,251130.16666666666
1123,289273.4
1124,292900.0
1125,268550.1
1126,215983.33333333334
1127,383786.8333333333
1128,88596.66666666667
1129,62863.333333333336
1130,399110.2
1131,151690.0
1132,216393.33333333334
1133,268740.0
1134,202056.7
1135,169800.0
1136,97240.0
1137,237573.33333333334
1138,444930.43333333335
1139,141380.0
1140,163546.66666666666
1141,124230.0
1142,252706.66666666666
1143,124170.0
1144,147006.66666666666
1145,475670.76666666666
1146,490514.1666666667
1147,177823.33333333334
1148,301630.0
1149,180220.03333333333
1150,187243.33333333334
1151,305406.6666666667
1152,144700.0
1153,363566.8
1154,170316.66666666666
1155,245026.7
1156,176883.33333333334
1157,257376.66666666666
1158,302923.3333333333
1159,89570.0
1160,71883.33333333333
1161,154680.0
1162,112660.0
1163,171370.0
1164,208483.36666666667
1165,78036.66666666667
1166,145890.0
1167,222953.33333333334
1168,233473.33333333334
1169,118916.66666666667
1170,292310.06666666665
1171,300120.1
1172,134873.33333333334
1173,310613.43333333335
1174,177043.33333333334
1175,220590.0
1176,292403.36666666664
1177,111980.0
1178,327123.3333333333
1179,372056.73333333334
1180,202943.33333333334
1181,167666.66666666666
1182,85463.33333333333
1183,473063.9
1184,155150.0
1185,231253.33333333334
1186,86716.66666666667
1187,110080.0
1188,327053.3333333333
1189,192363.33333333334
1190,217513.33333333334
1191,121556.66666666667
1192,175500.0
1193,186010.0
1194,473537.4
1195,107686.66666666667
1196,217946.66666666666
1197,174703.33333333334
1198,137416.66666666666
1199,469940.5333333333
1200,321190.0
1201,150783.33333333334
1202,70973.33333333333
1203,163680.0
1204,145163.33333333334
1205,172120.0
1206,166926.66666666666
1207,142040.0
1208,148930.0
1209,243470.0
1210,277380.06666666665
1211,153383.33333333334
1212,94860.0
1213,100653.33333333333
1214,204823.33333333334
1215,314116.6666666667
1216,164456.66666666666
1217,120470.0
1218,96876.63333333333
1219,215486.7
1220,390816.73333333334
1221,128473.33333333333
1222,198240.0
1223,275316.7
1224,135716.66666666666
1225,159893.33333333334
1226,80816.66666666667
1227,313523.4
1228,397800.06666666665
1229,262470.0
1230,225686.66666666666
1231,230376.66666666666
1232,174593.33333333334
1233,108830.0
1234,251136.66666666666
1235,310786.7
1236,474987.3
1237,323263.3333333333
1238,161013.33333333334
1239,87450.0
1240,331043.3333333333
1241,265433.3333333333
1242,136703.33333333334
1243,203103.33333333334
1244,159233.33333333334
1245,157223.33333333334
1246,267716.6666666667
1247,189020.0
1248,316503.3333333333
1249,320010.1
1250,490287.4666666667
1251,143190.0
1252,195313.33333333334
1253,84300.0
1254,279936.73333333334
1255,221110.0
1256,413646.9666666667
1257,461297.2
1258,152186.66666666666
1259,180643.33333333334
1260,225280.0
1261,75680.0
1262,188956.66666666666
1263,360986.73333333334
1264,212690.0
1265,414576.8333333333
1266,371846.76666666666
1267,159263.33333333334
1268,90190.0
1269,141366.66666666666
1270,224956.66666666666
1271,291213.3333333333
1272,207310.0
1273,152810.0
1274,251093.33333333334
1275,208876.7
1276,135490.0
1277,146116.66666666666
1278,85143.33333333333
1279,215026.66666666666
1280,275516.6666666667
1281,189773.33333333334
1282,305576.6666666667
1283,175836.66666666666
1284,205006.66666666666
1285,125186.66666666667
1286,194476.66666666666
1287,87406.66666666667
1288,338506.76666666666
1289,271470.0
1290,269276.7
1291,399936.9
1292,422873.5333333333
1293,209363.33333333334
1294,137603.33333333334
1295,195940.0
1296,195310.0
1297,159843.33333333334
1298,174656.66666666666
1299,363800.1
1300,367910.13333333336
1301,445940.3333333333
1302,186176.66666666666
1303,212826.66666666666
1304,269603.3333333333
1305,78266.66666666667
1306,142903.33333333334
1307,339173.3333333333
1308,419130.3
1309,101186.66666666667
1310,94896.66666666667
1311,240263.33333333334
1312,120126.66666666667
1313,152076.66666666666
1314,140053.33333333334
1315,334613.4
1316,197756.66666666666
1317,93966.66666666667
1318,235066.66666666666
1319,305396.6666666667
1320,94360.0
1321,140193.33333333334
1322,380776.7
1323,152216.66666666666
1324,234073.33333333334
1325,442850.1666666667
1326,405203.4
1327,303190.0
1328,353540.0
1329,87876.66666666667
1330,258213.33333333334
1331,187236.66666666666
1332,220853.33333333334
1333,147226.66666666666
1334,150513.33333333334
1335,169123.33333333334
1336,411460.23333333334
1337,50720.0
1338,423360.3333333333
1339,333213.4666666667
1340,187020.0
1341,161853.33333333334
1342,96156.66666666667
1343,187533.33333333334
1344,428020.2
1345,145993.33333333334
1346,167540.0
1347,277846.6666666667
1348,237050.0
1349,301913.3333333333
1350,229416.66666666666
1351,270020.0
1352,402020.13333333336
1353,397933.6666666667
1354,200580.0
1355,98366.66666666667
1356,263780.0
1357,250680.03333333333
1358,268566.7
1359,188150.0
1360,128276.66666666667
1361,215350.0
1362,60376.666666666664
1363,313663.3333333333
1364,137253.33333333334
1365,100990.0
1366,103800.0
1367,289040.0
1368,81796.66666666667
1369,188726.66666666666
1370,148466.66666666666
1371,203776.66666666666
1372,193146.66666666666
1373,386190.1
1374,59866.666666666664
1375,290910.0
1376,177253.33333333334
1377,344063.4
1378,234893.33333333334
1379,72896.66666666667
1380,305866.6666666667
1381,219726.66666666666
1382,107330.0
1383,239456.66666666666
1384,175960.0
1385,327953.3333333333
1386,228450.0
1387,167353.33333333334
1388,114070.0
1389,143703.33333333334
1390,174916.66666666666
1391,84666.66666666667
1392,232870.0
1393,396560.1666666667
1394,292126.73333333334
1395,161610.0
1396,378180.0333333333
1397,314066.6666666667
1398,162410.03333333333
1399,476157.4666666667
1400,292116.7
1401,100920.03333333334
1402,244546.7
1403,168536.66666666666
1404,114300.0
1405,146306.66666666666
1406,98943.33333333333
1407,161420.0
1408,100573.33333333333
1409,286470.06666666665
1410,164846.66666666666
1411,190886.66666666666
1412,120913.33333333333
1413,55890.0
1414,302153.3333333333
1415,255803.33333333334
1416,148750.0
1417,110886.66666666667
1418,151773.33333333334
1419,176780.0
1420,296033.36666666664
1421,114393.33333333333
1422,111433.33333333333
1423,89323.33333333333
1424,270380.0
1425,100366.66666666667
1426,156936.66666666666
1427,395193.4
1428,96056.66666666667
1429,203063.33333333334
1430,187753.36666666667
1431,361046.8333333333
1432,219936.76666666666
1433,138626.66666666666
1434,158290.0
1435,279516.7
1436,261220.06666666668
1437,183430.0
1438,180483.33333333334
1439,187473.33333333334
1440,68973.33333333333
1441,102296.66666666667
1442,166760.0
1443,133833.33333333334
1444,307930.06666666665
1445,203050.03333333333
1446,272703.36666666664
1447,336923.43333333335
1448,91456.66666666667
1449,127866.66666666667
1450,270173.3333333333
1451,225990.0
1452,225900.0
1453,59340.0
1454,171033.33333333334
1455,390056.8333333333
1456,260243.36666666667
1457,67526.66666666667
1458,63893.333333333336
1459,187303.33333333334
1460,58500.0
1461,463880.6
1462,84850.0
1463,178270.0
1464,225893.36666666667
1465,270726.73333333334
1466,327923.4
1467,148196.66666666666
1468,63963.333333333336
1469,428507.06666666665
1470,243486.66666666666
1471,128566.66666666667
1472,157620.0
1473,124693.33333333333
1474,390130.2
1475,228176.66666666666
1476,312926.7
1477,116186.66666666667
1478,152313.33333333334
1479,293826.7
1480,80873.33333333333
1481,197780.0
1482,216256.66666666666
1483,93020.0
1484,59690.0
1485,186336.66666666666
1486,261083.4
1487,376450.1666666667
1488,128823.33333333333
1489,281796.6666666667
1490,84540.0
1491,105973.33333333333
1492,151536.66666666666
1493,85533.33333333333
1494,356886.73333333334
1495,214326.7
1496,432583.73333333334
1497,154503.33333333334
1498,151126.66666666666
1499,86706.66666666667
1500,377380.2
1501,497594.26666666666
1502,138503.33333333334
1503,242436.66666666666
1504,167863.33333333334
1505,241713.36666666667
1506,208746.66666666666
1507,207520.0
1508,354103.3333333333
1509,65970.0
1510,216566.7
1511,359406.7
1512,141170.0
1513,213270.03333333333
1514,123060.0
1515,87330.0
1516,73863.33333333333
1517,193000.0
1518,246953.33333333334
1519,99806.66666666667
1520,181676.66666666666
1521,279236.6666666667
1522,266696.6666666667
1523,75816.66666666667
1524,113030.0
1525,96336.66666666667
1526,116346.66666666667
1527,217660.0
1528,218303.33333333334
1529,108933.33333333333
1530,171133.33333333334
1531,105623.33333333333
1532,209526.66666666666
1533,262806.6666666667
1534,252753.33333333334
1535,419050.2
1536,94236.66666666667
1537,50040.0
1538,168106.7
1539,445237.23333333334
1540,205810.0
1541,140293.33333333334
1542,212393.33333333334
1543,53816.666666666664
1544,114853.33333333333
1545,358830.13333333336
1546,306273.3333333333
1547,486787.4
1548,283983.3333333333
1549,250340.0
1550,211590.0
1551,176026.66666666666
1552,395743.5333333333
1553,116000.0
1554,157943.33333333334
1555,373000.0333333333
1556,155693.33333333334
1557,161523.33333333334
1558,108853.33333333333
1559,113760.0
1560,105906.66666666667
1561,199883.36666666667
1562,204300.0
1563,160623.33333333334
1564,181696.66666666666
1565,135583.33333333334
1566,118870.0
1567,228383.33333333334
1568,393496.73333333334
1569,57743.333333333336
1570,318963.36666666664
1571,147956.66666666666
1572,66433.33333333333
1573,488404.13333333336
1574,173260.0
1575,78123.33333333333
1576,269363.36666666664
1577,130726.66666666667
1578,169396.66666666666
1579,324283.36666666664
1580,437183.6666666667
1581,122280.0
1582,148950.0
1583,290126.7
1584,120370.0
1585,101570.0
1586,162980.0
1587,91410.0
1588,109293.33333333333
1589,140773.33333333334
1590,150210.0
1591,133883.33333333334
1592,109476.66666666667
1593,309953.36666666664
1594,95190.0
1595,113450.0
1596,209413.33333333334
1597,370360.2
1598,284993.3333333333
1599,246216.66666666666
1600,237700.0
1601,435757.0
1602,200656.66666666666
1603,100613.33333333333
1604,214173.36666666667
1605,194893.33333333334
1606,51840.0
1607,121556.66666666667
1608,75953.33333333333
1609,302950.1
1610,77483.33333333333
1611,294026.76666666666
1612,86043.33333333333
1613,201370.03333333333
1614,324833.36666666664
1615,335076.7
1616,121443.33333333333
1617,213800.0
1618,185153.33333333334
1619,65333.333333333336
1620,205393.33333333334
1621,479890.56666666665
1622,177886.66666666666
1623,196753.33333333334
1624,186646.66666666666
1625,150456.66666666666
1626,135966.66666666666
1627,497537.63333333336
1628,189530.0
1629,320976.7
1630,216403.33333333334
1631,148566.66666666666
1632,306076.7
1633,225943.33333333334
1634,61303.333333333336
1635,120940.0
1636,282356.7
1637,198436.66666666666
1638,75266.66666666667
1639,138116.66666666666
1640,240756.66666666666
1641,144853.33333333334
1642,152303.33333333334
1643,445710.5
1644,89560.0
1645,248496.66666666666
1646,87916.66666666667
1647,107753.33333333333
1648,476480.6
1649,203993.33333333334
1650,262156.6666666667
1651,482184.1666666667
1652,92363.33333333333
1653,286346.7
1654,203596.66666666666
1655,290093.3333333333
1656,139870.0
1657,202606.66666666666
1658,277343.36666666664
1659,264413.36666666664
1660,398573.6
1661,72520.0
1662,102293.33333333333
1663,147560.0
1664,350226.8
1665,230173.33333333334
1666,311053.4
1667,352730.13333333336
1668,287900.0
1669,194870.0
1670,327890.13333333336
1671,159646.66666666666
1672,326386.6666666667
1673,190930.0
1674,64833.333333333336
1675,105783.33333333333
1676,201426.66666666666
1677,170636.66666666666
1678,196243.33333333334
1679,111513.33333333333
1680,297430.06666666665
1681,291550.13333333336
1682,307286.8
1683,154630.0
1684,174553.33333333334
1685,308570.0
1686,102146.66666666667
1687,284770.0
1688,176153.33333333334
1689,250636.66666666666
1690,229693.33333333334
1691,398113.5333333333
1692,358993.4666666667
1693,93066.66666666667
1694,86096.66666666667
1695,189660.0
1696,140086.66666666666
1697,188663.33333333334
1698,400986.86666666664
1699,215580.0
1700,246566.66666666666
1701,181026.66666666666
1702,300160.0
1703,500001.0
1704,233113.33333333334
1705,147346.66666666666
1706,157906.66666666666
1707,183563.33333333334
1708,183206.7
1709,333116.7
1710,126310.0
1711,112470.0
1712,88680.0
1713,212776.66666666666
1714,225753.33333333334
1715,287920.0
1716,84316.66666666667
1717,195450.0
1718,94050.0
1719,350360.0333333333
1720,98573.33333333333
1721,100193.33333333333
1722,236240.0
1723,398490.36666666664
1724,418323.6666666667
1725,429937.1
1726,96486.66666666667
1727,247190.0
1728,163976.66666666666
1729,463540.6
1730,127550.0
1731,244466.66666666666
1732,244723.33333333334
1733,300510.06666666665
1734,224186.66666666666
1735,63353.333333333336
1736,323346.8
1737,203000.06666666668
1738,138480.0
1739,261096.66666666666
1740,377353.5
1741,139956.7
1742,123933.33333333333
1743,61240.0
1744,189856.66666666666
1745,262506.6666666667
1746,343340.1
1747,144980.0
1748,225130.0
1749,128790.0
1750,88046.66666666667
1751,97656.66666666667
1752,188653.33333333334
1753,66173.33333333333
1754,343953.3333333333
1755,78396.66666666667
1756,157153.33333333334
1757,271946.7
1758,102073.33333333333
1759,202086.66666666666
1760,233466.66666666666
1761,113593.33333333333
1762,76810.0
1763,461570.5
1764,173043.33333333334
1765,170223.33333333334
1766,136506.66666666666
1767,332380.06666666665
1768,209703.33333333334
1769,142546.66666666666
1770,169230.0
1771,268816.6666666667
1772,270166.9
1773,151043.33333333334
1774,208383.4
1775,259266.76666666666
1776,232613.33333333334
1777,308753.43333333335
1778,65343.333333333336
1779,117386.66666666667
1780,138623.33333333334
1781,141923.33333333334
1782,486967.5333333333
1783,188033.33333333334
1784,201080.03333333333
1785,68146.66666666667
1786,239306.66666666666
1787,197353.33333333334
1788,194950.0
1789,350040.0333333333
1790,160543.33333333334
1791,384773.5
1792,246906.66666666666
1793,277536.6666666667
1794,244633.33333333334
1795,157703.33333333334
1796,237583.33333333334
1797,136290.0
1798,241050.0
1799,149876.66666666666
1800,165490.0
1801,190416.66666666666
1802,157836.66666666666
1803,189100.0
1804,192983.33333333334
1805,53080.0
1806,173953.33333333334
1807,278176.6666666667
1808,186383.33333333334
1809,259176.66666666666
1810,228660.0
1811,107200.0
1812,147110.0
1813,88083.33333333333
1814,176360.0
1815,93050.0
1816,245413.33333333334
1817,182266.66666666666
1818,121763.33333333333
1819,221566.66666666666
1820,96003.33333333333
1821,323570.13333333336
1822,146600.0
1823,124503.33333333333
1824,264626.6666666667
1825,237770.0
1826,201970.0
1827,402386.93333333335
1828,102420.0
1829,146626.66666666666
1830,193750.0
1831,256900.0
1832,183846.66666666666
1833,138053.33333333334
1834,219120.0
1835,81843.33333333333
1836,94603.33333333333
1837,284280.1
1838,494447.43333333335
1839,113196.66666666667
1840,161503.33333333334
1841,152313.33333333334
1842,171630.0
1843,87603.33333333333
1844,238360.0
1845,143200.0
1846,265090.0
1847,123770.0
1848,93256.66666666667
1849,239786.66666666666
1850,181576.66666666666
1851,450327.1
1852,237950.0
1853,350436.76666666666
1854,483910.8
1855,166636.66666666666
1856,120223.33333333333
1857,108953.33333333333
1858,81726.66666666667
1859,173533.33333333334
1860,168083.33333333334
1861,216746.66666666666
1862,239913.33333333334
1863,186790.0
1864,138860.0
1865,220083.4
1866,483340.8
1867,177710.0
1868,172393.36666666667
1869,175800.0
1870,78656.66666666667
1871,198886.66666666666
1872,97940.0
1873,208326.66666666666
1874,341236.6666666667
1875,181853.33333333334
1876,195886.7
1877,87600.0
1878,104976.66666666667
1879,221093.33333333334
1880,157476.66666666666
1881,87716.66666666667
1882,275163.3333333333
1883,151690.0
1884,202323.33333333334
1885,89800.0
1886,359180.13333333336
1887,247960.0
1888,306526.6666666667
1889,175000.06666666668
1890,151930.0
1891,199376.66666666666
1892,108963.33333333333
1893,173243.33333333334
1894,156786.66666666666
1895,152693.33333333334
1896,74466.66666666667
1897,331213.43333333335
1898,122606.66666666667
1899,270836.6666666667
1900,132033.33333333334
1901,356000.0
1902,127303.33333333333
1903,176023.33333333334
1904,227726.66666666666
1905,58193.333333333336
1906,467983.9
1907,343353.43333333335
1908,349956.76666666666
1909,215093.33333333334
1910,198643.33333333334
1911,287683.36666666664
1912,230166.66666666666
1913,204053.33333333334
1914,205793.36666666667
1915,62116.666666666664
1916,168136.66666666666
1917,151443.33333333334
1918,161540.0
1919,245116.7
1920,166816.66666666666
1921,131713.33333333334
1922,119236.66666666667
1923,331203.4
1924,340200.0
1925,135260.0
1926,97040.0
1927,182176.66666666666
1928,214096.66666666666
1929,167263.33333333334
1930,254340.0
1931,158996.66666666666
1932,169250.0
1933,208033.33333333334
1934,260043.33333333334
1935,91766.66666666667
1936,104673.33333333333
1937,148193.33333333334
1938,387220.2
1939,178430.0
1940,148150.0
1941,104426.66666666667
1942,421663.6
1943,77926.66666666667
1944,108730.0
1945,103600.0
1946,131120.0
1947,143763.33333333334
1948,308336.76666666666
1949,185923.33333333334
1950,192963.33333333334
1951,153280.0
1952,435820.43333333335
1953,53946.666666666664
1954,177340.0
1955,60683.333333333336
1956,157253.33333333334
1957,68330.0
1958,213090.0
1959,200706.66666666666
1960,209070.0
1961,376180.06666666665
1962,256693.33333333334
1963,340556.7
1964,421677.06666666665
1965,114426.66666666667
1966,335580.3
1967,177453.43333333332
1968,192616.66666666666
1969,51170.0
1970,234273.33333333334
1971,89266.66666666667
1972,179853.33333333334
1973,335306.73333333334
1974,180446.66666666666
1975,294343.3333333333
1976,268440.0333333333
1977,78033.33333333333
1978,155123.33333333334
1979,139583.33333333334
1980,79360.0
1981,77783.33333333333
1982,214520.0
1983,89713.33333333333
1984,179736.66666666666
1985,234770.0
1986,234843.33333333334
1987,105186.66666666667
1988,284750.4
1989,90380.0
1990,246016.7
1991,174940.0
1992,247753.33333333334
1993,376436.86666666664
1994,64763.333333333336
1995,100450.0
1996,434690.23333333334
1997,364836.8
1998,269450.0
1999,217096.66666666666
2000,291986.7
2001,84253.33333333333
2002,338310.3333333333
2003,150093.33333333334
2004,170723.36666666667
2005,489024.1
2006,197760.0
2007,105543.33333333333
2008,73416.66666666667
2009,95180.0
2010,182586.66666666666
2011,232630.0
2012,123476.66666666667
2013,81430.0
2014,243773.36666666667
2015,174400.03333333333
2016,133440.0
2017,107523.33333333333
2018,117806.66666666667
2019,224116.7
2020,194150.0
2021,221373.33333333334
2022,305213.4666666667
2023,303303.3333333333
2024,319163.4
2025,224003.33333333334
2026,118066.66666666667
2027,183916.66666666666
2028,86420.0
2029,154410.0
2030,303196.6666666667
2031,346003.3333333333
2032,102970.0
2033,268883.36666666664
2034,189590.0
2035,78490.0
2036,208040.03333333333
2037,143066.66666666666
2038,203820.0
2039,147923.33333333334
2040,206866.7
2041,170280.0
2042,203273.33333333334
2043,288866.8
2044,178000.0
2045,153133.33333333334
2046,107583.33333333333
2047,223666.66666666666
2048,52373.333333333336
2049,92326.66666666667
2050,199360.0
2051,370836.7
2052,297873.36666666664
2053,91756.66666666667
2054,96093.33333333333
2055,161900.0
2056,272190.0
2057,499907.6
2058,161756.66666666666
2059,253203.33333333334
2060,121876.66666666667
2061,310113.4
2062,278506.76666666666
2063,245103.33333333334
2064,259210.03333333333
2065,190766.66666666666
2066,334123.3333333333
2067,175376.66666666666
2068,135163.33333333334
2069,320163.3333333333
2070,468677.26666666666
2071,231713.33333333334
2072,101780.0
2073,203156.66666666666
2074,196143.33333333334
2075,130863.33333333333
2076,412717.0
2077,71780.0
2078,186386.66666666666
2079,186376.66666666666
2080,82890.0
2081,139183.33333333334
2082,157183.33333333334
2083,151186.66666666666
2084,416707.06666666665
2085,219523.33333333334
2086,99966.66666666667
2087,101256.66666666667
2088,140256.66666666666
2089,73450.0
2090,87770.0
2091,300330.0333333333
2092,154973.33333333334
2093,147083.33333333334
2094,85670.0
2095,153500.0
2096,303266.6666666667
2097,147670.0
2098,350670.06666666665
2099,292613.36666666664
2100,73420.0
2101,132700.0
2102,194263.33333333334
2103,82690.0
2104,407583.56666666665
2105,206750.0
2106,176173.33333333334
2107,73833.33333333333
2108,237070.0
2109,112866.66666666667
2110,232693.33333333334
2111,122890.0
2112,107243.33333333333
2113,200913.36666666667
2114,372743.5
2115,163623.33333333334
2116,117873.33333333333
2117,100226.66666666667
2118,338933.43333333335
2119,328366.6666666667
2120,337756.76666666666
2121,271726.6666666667
2122,149216.66666666666
2123,324580.13333333336
2124,58093.333333333336
2125,487687.5333333333
2126,234846.66666666666
2127,182720.0
2128,331183.3333333333
2129,139740.0
2130,99496.66666666667
2131,209270.03333333333
2132,243506.7
2133,177036.66666666666
2134,191890.0
2135,462507.3333333333
2136,103306.66666666667
2137,279363.3333333333
2138,153303.33333333334
2139,366576.76666666666
2140,345220.26666666666
2141,288406.7
2142,50336.666666666664
2143,280006.6666666667
2144,188840.0
2145,343060.06666666665
2146,219786.66666666666
2147,174183.33333333334
2148,118156.66666666667
2149,192456.66666666666
2150,80033.33333333333
2151,414046.76666666666
2152,299443.4
2153,297050.0
2154,81876.66666666667
2155,52293.333333333336
2156,298846.7
2157,157536.66666666666
2158,160690.0
2159,236906.66666666666
2160,150326.66666666666
2161,122453.33333333333
2162,207806.66666666666
2163,256533.33333333334
2164,169040.0
2165,108270.0
2166,59833.333333333336
2167,88383.33333333333
2168,119790.0
2169,210473.4
2170,75780.0
2171,224886.66666666666
2172,125023.33333333333
2173,415643.6
2174,232350.03333333333
2175,162260.0
2176,451257.26666666666
2177,389693.43333333335
2178,70570.0
2179,244240.0
2180,260150.0
2181,79130.0
2182,152950.0
2183,232046.66666666666
2184,204100.0
2185,153516.66666666666
2186,349666.6666666667
2187,87163.33333333333
2188,196836.66666666666
2189,218156.66666666666
2190,154063.33333333334
2191,82380.0
2192,215193.33333333334
2193,52386.666666666664
2194,467073.73333333334
2195,253530.0
2196,139656.66666666666
2197,446497.13333333336
2198,153853.33333333334
2199,87083.33333333333
2200,165706.66666666666
2201,203450.0
2202,185290.0
2203,239236.66666666666
2204,91703.33333333333
2205,179046.66666666666
2206,113206.66666666667
2207,302863.43333333335
2208,303666.7
2209,183346.66666666666
2210,132266.66666666666
2211,156096.66666666666
2212,383473.4666666667
2213,375693.6666666667
2214,282300.0333333333
2215,288743.3333333333
2216,119860.0
2217,158286.66666666666
2218,286300.0333333333
2219,110276.66666666667
2220,131476.66666666666
2221,236473.33333333334
2222,134143.33333333334
2223,90823.33333333333
2224,84299.93333333333
2225,178116.66666666666
2226,294170.0
2227,258566.83333333334
2228,83450.0
2229,134830.0
2230,174303.33333333334
2231,271760.0333333333
2232,304573.3333333333
2233,166630.0
2234,249946.73333333334
2235,227613.33333333334
2236,398943.4666666667
2237,231670.0
2238,320053.4
2239,123520.0
2240,186470.0
2241,370703.5
2242,175586.66666666666
2243,378383.36666666664
2244,114410.0
2245,336616.7
2246,219533.4
2247,150373.33333333334
2248,250530.0
2249,401040.0333333333
2250,351923.36666666664
2251,200933.33333333334
2252,237583.43333333332
2253,150156.66666666666
2254,362750.0333333333
2255,198510.0
2256,120960.0
2257,497060.9666666667
2258,268183.3333333333
2259,134380.0
2260,306453.36666666664
2261,239466.7
2262,495354.26666666666
2263,66903.33333333333
2264,332590.0
2265,117240.0
2266,182413.33333333334
2267,237796.66666666666
2268,353270.1
2269,84986.66666666667
2270,491050.86666666664
2271,211486.66666666666
2272,274096.6666666667
2273,200436.66666666666
2274,165863.33333333334
2275,377160.13333333336
2276,99336.63333333333
2277,317153.3333333333
2278,207503.33333333334
2279,96340.0
2280,449613.8
2281,219693.36666666667
2282,500001.0
2283,203396.73333333334
2284,138993.33333333334
2285,197046.66666666666
2286,266876.6666666667
2287,346360.26666666666
2288,92970.0
2289,170163.33333333334
2290,112986.66666666667
2291,105610.0
2292,88256.66666666667
2293,102116.66666666667
2294,80870.0
2295,201780.0
2296,343546.73333333334
2297,135813.33333333334
2298,154453.33333333334
2299,160283.33333333334
2300,500001.0
2301,268670.0
2302,69500.0
2303,237913.4
2304,213326.66666666666
2305,221690.0
2306,131750.0
2307,224800.0
2308,118530.0
2309,223420.0
2310,122883.33333333333
2311,233143.33333333334
2312,89306.66666666667
2313,143423.33333333334
2314,194113.33333333334
2315,115313.33333333333
2316,178153.33333333334
2317,304880.0333333333
2318,467707.26666666666
2319,156020.0
2320,168566.66666666666
2321,124413.33333333333
2322,196033.33333333334
2323,376433.4666666667
2324,197770.0
2325,122900.0
2326,153400.0
2327,274730.0
2328,222883.33333333334
2329,495334.2
2330,211946.66666666666
2331,86433.33333333333
2332,149186.66666666666
2333,201580.0
2334,478193.93333333335
2335,142536.66666666666
2336,140580.0
2337,257836.66666666666
2338,171006.66666666666
2339,329503.5333333333
2340,451390.63333333336
2341,418376.86666666664
2342,117796.66666666667
2343,138420.0
2344,208303.33333333334
2345,354690.06666666665
2346,408833.5
2347,172936.66666666666
2348,165316.66666666666
2349,99106.66666666667
2350,262326.6666666667
2351,180790.0
2352,110960.0
2353,240960.0
2354,201426.66666666666
2355,302890.0333333333
2356,174463.33333333334
2357,185530.0
2358,91200.0
2359,314940.0
2360,249790.0
2361,215606.66666666666
2362,73156.66666666667
2363,232806.66666666666
2364,187566.66666666666
2365,267756.7
2366,322583.4
2367,226953.33333333334
2368,131593.33333333334
2369,294590.0
2370,86566.66666666667
2371,103383.33333333333
2372,251950.0
2373,473350.6
2374,87650.0
2375,158560.0
2376,101023.33333333333
2377,228493.33333333334
2378,230030.0
2379,202550.0
2380,104470.0
2381,226573.36666666667
2382,148146.66666666666
2383,235913.33333333334
2384,497224.3
2385,191780.06666666668
2386,128196.66666666667
2387,174650.0
2388,148836.66666666666
2389,186490.0
2390,119936.66666666667
2391,291850.0333333333
2392,110266.66666666667
2393,122003.33333333333
2394,220733.33333333334
2395,150943.33333333334
2396,164636.66666666666
2397,73106.66666666667
2398,129520.0
2399,385486.86666666664
2400,190040.0
2401,156416.66666666666
2402,259393.33333333334
2403,164706.66666666666
2404,256776.66666666666
2405,89370.0
2406,129603.33333333333
2407,236946.66666666666
2408,55486.666666666664
2409,74533.33333333333
2410,91090.0
2411,196886.66666666666
2412,275996.6666666667
2413,111520.0
2414,78063.33333333333
2415,219873.33333333334
2416,157133.33333333334
2417,155053.33333333334
2418,89746.66666666667
2419,190290.0
2420,195703.33333333334
2421,102330.03333333334
2422,317820.0
2423,338670.0
2424,108453.33333333333
2425,201213.33333333334
2426,338660.0333333333
2427,300026.9
2428,67896.66666666667
2429,336533.4666666667
2430,332946.6666666667
2431,96456.66666666667
2432,240893.33333333334
2433,263233.3333333333
2434,325943.63333333336
2435,173593.33333333334
2436,198383.33333333334
2437,476010.3
2438,387580.1666666667
2439,180620.0
2440,101450.0
2441,207546.66666666666
2442,136596.66666666666
2443,355396.8
2444,222750.0
2445,204506.66666666666
2446,222190.0
2447,293723.36666666664
2448,162880.0
2449,157950.0
2450,195806.66666666666
2451,175410.0
2452,144570.0
2453,127806.66666666667
2454,195970.13333333333
2455,105330.0
2456,241040.0
2457,248260.0
2458,214273.33333333334
2459,322240.0
2460,397923.56666666665
2461,267683.3333333333
2462,414883.56666666665
2463,141370.0
2464,146520.0
2465,99403.33333333333
2466,210040.0
2467,159300.0
2468,228140.0
2469,231666.66666666666
2470,203756.66666666666
2471,291230.0
2472,201013.33333333334
2473,493950.93333333335
2474,173993.33333333334
2475,238296.7
2476,307506.9666666667
2477,262390.0
2478,226250.0
2479,107013.33333333333
2480,249560.03333333333
2481,147693.33333333334
2482,295930.1666666667
2483,139766.66666666666
2484,438077.0333333333
2485,121876.66666666667
2486,130860.0
2487,171716.66666666666
2488,48849.833333333336
2489,57623.333333333336
2490,92636.66666666667
2491,200810.03333333333
2492,150766.66666666666
2493,236276.66666666666
2494,134060.0
2495,188793.33333333334
2496,248786.66666666666
2497,203103.36666666667
2498,162650.0
2499,257646.66666666666
2500,500001.0
2501,200876.66666666666
2502,168030.0
2503,215840.0
2504,179000.0
2505,156823.33333333334
2506,287386.73333333334
2507,237170.0
2508,140026.66666666666
2509,87490.0
2510,97613.33333333333
2511,237106.66666666666
2512,295293.36666666664
2513,139646.66666666666
2514,132073.33333333334
2515,110170.0
2516,154916.66666666666
2517,331550.0
2518,148553.33333333334
2519,183060.0
2520,204760.0
2521,204263.36666666667
2522,218473.33333333334
2523,101983.33333333333
2524,241756.66666666666
2525,50813.333333333336
2526,361000.4666666667
2527,250250.0
2528,117303.33333333333
2529,171290.0
2530,111896.66666666667
2531,465220.5
2532,259930.0
2533,91173.33333333333
2534,218203.33333333334
2535,249726.66666666666
2536,114150.0
2537,147443.33333333334
2538,266186.8
2539,311976.6666666667
2540,143416.66666666666
2541,161256.66666666666
2542,279820.0
2543,140170.0
2544,408807.1
2545,247263.36666666667
2546,251326.66666666666
2547,218850.0
2548,288776.7
2549,123706.66666666667
2550,85930.0
2551,162570.0
2552,432940.4666666667
2553,299386.6666666667
2554,360600.06666666665
2555,164923.33333333334
2556,139056.66666666666
2557,240500.0
2558,185903.33333333334
2559,394303.7
2560,204526.66666666666
2561,139003.33333333334
2562,86943.33333333333
2563,64186.666666666664
2564,237183.33333333334
2565,453106.93333333335
2566,432283.73333333334
2567,237083.33333333334
2568,319990.0
2569,182936.66666666666
2570,106350.0
2571,99656.66666666667
2572,154023.33333333334
2573,88656.66666666667
2574,155560.0
2575,142110.0
2576,334376.6666666667
2577,289376.6666666667
2578,329970.0333333333
2579,118460.0
2580,235483.33333333334
2581,326070.1
2582,278746.76666666666
2583,65410.0
2584,67853.33333333333
2585,425553.7
2586,415493.5333333333
2587,262700.0
2588,109700.0
2589,261040.0
2590,169850.0
2591,97323.33333333333
2592,140210.0
2593,238040.0
2594,229850.0
2595,168100.0
2596,239800.03333333333
2597,131256.66666666666
2598,108286.66666666667
2599,136130.0
2600,173150.0
2601,115643.33333333333
2602,66816.66666666667
2603,211236.66666666666
2604,83780.0
2605,169556.66666666666
2606,310266.6666666667
2607,212540.0
2608,164023.33333333334
2609,76613.33333333333
2610,133920.0
2611,91903.33333333333
2612,225073.33333333334
2613,319450.0
2614,103600.0
2615,120586.66666666667
2616,258900.0
2617,210060.0
2618,221093.33333333334
2619,123206.66666666667
2620,169530.0
2621,160143.33333333334
2622,257970.0
2623,269156.6666666667
2624,222140.0
2625,110520.0
2626,262226.6666666667
2627,162953.33333333334
2628,162520.0
2629,138376.66666666666
2630,71910.0
2631,223526.66666666666
2632,184690.0
2633,117166.66666666667
2634,101230.0
2635,221200.03333333333
2636,424963.43333333335
2637,140266.73333333334
2638,123520.0
2639,138466.66666666666
2640,209946.66666666666
2641,194210.0
2642,202770.1
2643,179313.33333333334
2644,167670.0
2645,288246.6666666667
2646,223016.7
2647,428293.5333333333
2648,273356.6666666667
2649,199526.66666666666
2650,180410.0
2651,137026.66666666666
2652,115490.0
2653,225473.36666666667
2654,140203.33333333334
2655,116300.0
2656,472170.5333333333
2657,125526.66666666667
2658,300076.7
2659,286566.6666666667
2660,207830.0
2661,82796.66666666667
2662,208263.33333333334
2663,232833.33333333334
2664,200863.33333333334
2665,203723.36666666667
2666,95176.66666666667
2667,167403.33333333334
2668,266746.7
2669,200570.0
2670,51806.666666666664
2671,192690.0
2672,294403.3333333333
2673,164260.0
2674,300663.3333333333
2675,112323.33333333333
2676,171620.0
2677,119513.33333333333
2678,141030.0
2679,151626.66666666666
2680,327743.3333333333
2681,211216.7
2682,198246.66666666666
2683,152653.33333333334
2684,69993.33333333333
2685,217446.66666666666
2686,194550.0
2687,94246.7
2688,198263.33333333334
2689,96756.66666666667
2690,192883.36666666667
2691,187730.0
2692,361547.1666666667
2693,311393.3333333333
2694,145540.0
2695,50256.666666666664
2696,115186.66666666667
2697,235783.33333333334
2698,233876.66666666666
2699,313296.6666666667
2700,466447.26666666666
2701,81486.66666666667
2702,454077.13333333336
2703,163313.33333333334
2704,266543.36666666664
2705,236730.0
2706,296266.6666666667
2707,201720.0
2708,201916.66666666666
2709,101793.33333333333
2710,83340.0
2711,150243.33333333334
2712,81216.66666666667
2713,183860.0
2714,145140.0
2715,108993.33333333333
2716,170203.33333333334
2717,127333.33333333333
2718,189383.33333333334
2719,195633.33333333334
2720,135163.33333333334
2721,125580.0
2722,260396.73333333334
2723,164486.66666666666
2724,266070.0
2725,153210.0
2726,306093.4
2727,178816.66666666666
2728,170436.66666666666
2729,457557.13333333336
2730,317583.43333333335
2731,87896.66666666667
2732,272613.3333333333
2733,71920.0
2734,384406.86666666664
2735,164513.33333333334
2736,61960.0
2737,384893.56666666665
2738,175933.33333333334
2739,144116.66666666666
2740,172333.36666666667
2741,322506.73333333334
2742,61680.0
2743,102143.33333333333
2744,175880.0
2745,420097.0333333333
2746,226426.66666666666
2747,209870.0
2748,349950.06666666665
2749,234740.0
2750,107616.66666666667
2751,215023.33333333334
2752,146730.0
2753,275813.36666666664
2754,295866.6666666667
2755,367776.93333333335
2756,228953.33333333334
2757,307856.6666666667
2758,74970.0
2759,130726.7
2760,176833.33333333334
2761,183546.66666666666
2762,215303.33333333334
2763,313193.3333333333
2764,287336.6666666667
2765,117473.33333333333
2766,59893.333333333336
2767,273360.0
2768,212346.66666666666
2769,124680.0
2770,256926.7
2771,203480.0
2772,124266.66666666667
2773,165260.0
2774,83383.33333333333
2775,158176.66666666666
2776,246513.33333333334
2777,162786.66666666666
2778,347350.06666666665
2779,188100.0
2780,370286.9
2781,143216.66666666666
2782,111926.66666666667
2783,200236.66666666666
2784,221463.53333333333
2785,185193.33333333334
2786,340283.3333333333
2787,131510.0
2788,258596.66666666666
2789,215143.33333333334
2790,220610.0
2791,194546.66666666666
2792,167666.66666666666
2793,211690.0
2794,80446.66666666667
2795,122826.66666666667
2796,148533.33333333334
2797,60586.666666666664
2798,286856.6666666667
2799,161336.66666666666
2800,209996.66666666666
2801,189043.33333333334
2802,252900.0
2803,275990.1
2804,147666.66666666666
2805,104513.33333333333
2806,355143.43333333335
2807,132103.33333333334
2808,390643.5333333333
2809,147036.66666666666
2810,150830.0
2811,417313.5333333333
2812,204390.0
2813,156026.66666666666
2814,195036.66666666666
2815,410236.76666666666
2816,274876.6666666667
2817,246680.0
2818,86583.33333333333
2819,63593.333333333336
2820,147380.0
2821,184436.7
2822,88380.0
2823,281320.0
2824,259103.33333333334
2825,84329.96666666666
2826,190086.66666666666
2827,148053.33333333334
2828,105360.0
2829,243730.0
2830,191556.66666666666
2831,315410.0
2832,215843.33333333334
2833,150313.33333333334
2834,240136.66666666666
2835,158573.33333333334
2836,122966.66666666667
2837,356346.73333333334
2838,140780.03333333333
2839,298743.3333333333
2840,142596.66666666666
2841,192106.66666666666
2842,272440.13333333336
2843,102540.0
2844,249786.66666666666
2845,198310.0
2846,78530.0
2847,106666.66666666667
2848,132600.0
2849,202600.0
2850,228123.33333333334
2851,96400.0
2852,499954.3
2853,151476.66666666666
2854,311430.0
2855,185913.33333333334
2856,229043.33333333334
2857,262860.0
2858,255176.66666666666
2859,114626.66666666667
2860,294646.73333333334
2861,297736.6666666667
2862,141150.0
2863,117333.33333333333
2864,124580.0
2865,126026.66666666667
2866,103320.0
2867,156216.66666666666
2868,190523.33333333334
2869,146233.33333333334
2870,285913.36666666664
2871,288543.3333333333
2872,199876.7
2873,364770.1
2874,473880.4666666667
2875,247696.66666666666
2876,87273.36666666667
2877,83806.66666666667
2878,232933.33333333334
2879,216700.0
2880,244260.0
2881,330680.0
2882,158313.33333333334
2883,124483.33333333333
2884,173076.66666666666
2885,166626.66666666666
2886,165240.0
2887,296506.76666666666
2888,143720.0
2889,207183.33333333334
2890,176073.33333333334
2891,194973.36666666667
2892,171196.66666666666
2893,188443.33333333334
2894,348586.93333333335
2895,161080.0
2896,86543.33333333333
2897,140480.0
2898,222123.33333333334
2899,141616.66666666666
2900,228606.66666666666
2901,80860.0
2902,253776.66666666666
2903,169426.66666666666
2904,430420.3
2905,155933.33333333334
2906,137080.0
2907,389983.5
2908,339690.06666666665
2909,71556.66666666667
2910,226216.66666666666
2911,189283.33333333334
2912,112660.0
2913,135206.66666666666
2914,246856.66666666666
2915,210986.66666666666
2916,83776.66666666667
2917,168576.66666666666
2918,124446.66666666667
2919,211150.0
2920,232863.33333333334
2921,240173.36666666667
2922,156356.66666666666
2923,194930.0
2924,149296.66666666666
2925,392210.0333333333
2926,487367.4666666667
2927,290536.6666666667
2928,484707.3333333333
2929,134073.33333333334
2930,435600.4666666667
2931,64553.333333333336
2932,176363.33333333334
2933,235756.66666666666
2934,287533.3333333333
2935,175190.0
2936,87033.33333333333
2937,197530.0
2938,266600.0
2939,218776.66666666666
2940,182543.36666666667
2941,267583.4
2942,172020.0
2943,183470.0
2944,250496.66666666666
2945,180756.66666666666
2946,225173.36666666667
2947,401373.6
2948,105026.66666666667
2949,114123.33333333333
2950,207306.66666666666
2951,150963.33333333334
2952,56230.0
2953,150223.33333333334
2954,221316.66666666666
2955,109500.0
2956,170496.66666666666
2957,258503.4
2958,324066.76666666666
2959,240993.33333333334
2960,157226.66666666666
2961,149480.0
2962,112193.33333333333
2963,483944.1666666667
2964,371893.4
2965,187560.0
2966,100166.66666666667
2967,101586.66666666667
2968,177190.0
2969,170850.0
2970,103200.0
2971,162890.0
2972,369680.1
2973,263756.8
2974,156353.33333333334
2975,117420.0
2976,318650.0
2977,216510.0
2978,229096.66666666666
2979,105866.66666666667
2980,432680.3
2981,470490.5333333333
2982,120986.66666666667
2983,119400.0
2984,203490.0
2985,320173.3333333333
2986,201400.0
2987,136830.0
2988,88636.66666666667
2989,267766.7
2990,359683.63333333336
2991,143723.33333333334
2992,160143.33333333334
2993,248766.73333333334
2994,140416.66666666666
2995,134663.33333333334
2996,54590.0
2997,76380.0
2998,245593.33333333334
2999,210430.0
3000,305420.0333333333
3001,158230.0
3002,438313.8333333333
3003,189770.0
3004,140210.0
3005,292356.6666666667
3006,362760.1666666667
3007,148293.33333333334
3008,213453.33333333334
3009,109263.33333333333
3010,255576.7
3011,253403.33333333334
3012,151890.0
3013,200476.66666666666
3014,105160.0
3015,101730.0
3016,102353.33333333333
3017,252353.33333333334
3018,262680.06666666665
3019,356593.4
3020,362216.76666666666
3021,265060.0
3022,261753.33333333334
3023,156800.06666666668
3024,346126.73333333334
3025,221180.0
3026,239756.66666666666
3027,174526.66666666666
3028,222763.33333333334
3029,151096.66666666666
3030,86103.33333333333
3031,305743.3333333333
3032,339410.1
3033,68206.66666666667
3034,412150.3333333333
3035,341406.7
3036,492840.63333333336
3037,383936.8333333333
3038,272446.6666666667
3039,469250.6
3040,169740.0
3041,249713.36666666667
3042,134773.33333333334
3043,229700.03333333333
3044,155100.0
3045,176516.66666666666
3046,187306.66666666666
3047,120486.66666666667
3048,205176.66666666666
3049,191046.66666666666
3050,497567.56666666665
3051,153073.33333333334
3052,90950.0
3053,212233.33333333334
3054,135476.66666666666
3055,104676.66666666667
3056,81990.0
3057,171986.66666666666
3058,90563.33333333333
3059,232746.66666666666
3060,343310.0
3061,254976.66666666666
3062,129513.33333333333
3063,254036.66666666666
3064,261890.0
3065,344773.36666666664
3066,216670.0
3067,107153.33333333333
3068,287386.6666666667
3069,307190.1
3070,201856.66666666666
3071,351200.0
3072,194416.66666666666
3073,175770.0
3074,233446.66666666666
3075,83463.33333333333
3076,364326.73333333334
3077,247050.0
3078,308716.76666666666
3079,202910.0
3080,194373.33333333334
3081,219456.66666666666
3082,242990.0
3083,134350.0
3084,176736.66666666666
3085,259700.03333333333
3086,153856.66666666666
3087,183716.66666666666
3088,268350.0
3089,186896.66666666666
3090,152210.0
3091,158596.7
3092,117746.66666666667
3093,199060.0
3094,168490.0
3095,406253.4666666667
3096,191530.0
3097,230320.0
3098,208950.0
3099,208600.0
3100,141036.66666666666
3101,133920.0
3102,149330.0
3103,128920.0
3104,93533.33333333333
3105,71710.0
3106,79386.66666666667
3107,220840.0
3108,357393.43333333335
3109,300263.36666666664
3110,101163.33333333333
3111,137213.33333333334
3112,138223.33333333334
3113,165310.0
3114,134223.33333333334
3115,373226.7
3116,342503.36666666664
3117,87093.33333333333
3118,216210.0
3119,348096.7
3120,96786.66666666667
3121,284923.3333333333
3122,238543.33333333334
3123,283026.6666666667
3124,260670.03333333333
3125,147580.03333333333
3126,94583.33333333333
3127,123193.33333333333
3128,310620.1
3129,281720.0
3130,96636.66666666667
3131,347000.0
3132,138893.33333333334
3133,163806.66666666666
3134,308396.73333333334
3135,125440.0
3136,328880.0
3137,343736.6666666667
3138,198110.0
3139,134513.33333333334
3140,382733.36666666664
3141,399176.76666666666
3142,492054.13333333336
3143,356916.6666666667
3144,177210.0
3145,435247.0333333333
3146,136750.0
3147,139970.0
3148,243536.66666666666
3149,78206.66666666667
3150,149206.66666666666
3151,183450.0
3152,253640.0
3153,70520.0
3154,193443.33333333334
3155,306036.8
3156,133863.33333333334
3157,280460.1666666667
3158,342570.0
3159,452700.3
3160,303900.0333333333
3161,70373.33333333333
3162,91706.66666666667
3163,241233.36666666667
3164,69506.66666666667
3165,123453.33333333333
3166,77996.66666666667
3167,101166.66666666667
3168,325366.6666666667
3169,197993.33333333334
3170,99786.66666666667
3171,93366.66666666667
3172,185716.66666666666
3173,210463.33333333334
3174,415740.0
3175,102090.0
3176,168880.0
3177,254143.33333333334
3178,69363.33333333333
3179,208720.0
3180,302943.3333333333
3181,198606.66666666666
3182,138740.0
3183,130886.66666666667
3184,113906.66666666667
3185,225153.4
3186,151486.66666666666
3187,178016.66666666666
3188,130920.0
3189,298460.0333333333
3190,158400.0
3191,193643.33333333334
3192,193530.0
3193,227200.0
3194,73343.33333333333
3195,141443.33333333334
3196,132886.66666666666
3197,178693.33333333334
3198,171376.66666666666
3199,122533.33333333333
3200,152606.66666666666
3201,385236.8333333333
3202,194786.66666666666
3203,382720.06666666665
3204,91230.0
3205,75470.0
3206,216503.33333333334
3207,278766.6666666667
3208,168686.66666666666
3209,96633.33333333333
3210,133376.66666666666
3211,316870.06666666665
3212,237653.33333333334
3213,191953.33333333334
3214,108296.66666666667
3215,131620.0
3216,189993.33333333334
3217,140376.66666666666
3218,287926.6666666667
3219,406603.43333333335
3220,192086.66666666666
3221,240136.66666666666
3222,131066.66666666667
3223,116876.66666666667
3224,321483.5
3225,263976.6666666667
3226,63753.333333333336
3227,463890.6
3228,64683.333333333336
3229,219490.0
3230,128316.66666666667
3231,92796.66666666667
3232,251966.66666666666
3233,203676.66666666666
3234,72503.33333333333
3235,211990.0
3236,322220.0
3237,222710.03333333333
3238,160213.33333333334
3239,90536.66666666667
3240,211643.33333333334
3241,238086.66666666666
3242,326226.73333333334
3243,231173.33333333334
3244,452980.4
3245,419223.5
3246,53953.333333333336
3247,199000.0
3248,65810.0
3249,155276.66666666666
3250,205256.66666666666
3251,385290.23333333334
3252,192923.33333333334
3253,196213.33333333334
3254,95760.0
3255,82056.66666666667
3256,310780.0333333333
3257,291973.3333333333
3258,304420.0
3259,327290.0
3260,301740.0333333333
3261,162173.33333333334
3262,95996.66666666667
3263,221210.0
3264,213810.0
3265,375996.73333333334
3266,166890.0
3267,175703.33333333334
3268,211396.7
3269,227923.33333333334
3270,144956.66666666666
3271,330440.06666666665
3272,362966.73333333334
3273,271950.0
3274,232696.73333333334
3275,58463.333333333336
3276,305990.0
3277,82240.0
3278,236443.33333333334
3279,161726.66666666666
3280,191766.66666666666
3281,293546.6666666667
3282,237486.66666666666
3283,307730.0
3284,156920.0
3285,76026.66666666667
3286,249223.33333333334
3287,89260.0
3288,232310.03333333333
3289,196100.0
3290,193713.33333333334
3291,171746.66666666666
3292,169600.0
3293,117223.33333333333
3294,161216.66666666666
3295,141910.0
3296,245070.0
3297,189566.66666666666
3298,311910.0
3299,176666.66666666666
3300,313173.43333333335
3301,274483.36666666664
3302,236180.06666666668
3303,209703.33333333334
3304,128703.33333333333
3305,311043.36666666664
3306,165390.0
3307,322220.0333333333
3308,180966.66666666666
3309,488534.2
3310,421257.0
3311,296410.0333333333
3312,98786.66666666667
3313,74930.0
3314,238160.0
3315,98563.33333333333
3316,144436.66666666666
3317,147800.0
3318,267816.6666666667
3319,387263.4666666667
3320,360650.1
3321,111740.0
3322,96376.66666666667
3323,190050.0
3324,478467.2
3325,177583.33333333334
3326,208220.0
3327,73273.33333333333
3328,262776.6666666667
3329,231903.33333333334
3330,86036.66666666667
3331,233780.0
3332,143053.33333333334
3333,177953.33333333334
3334,164723.33333333334
3335,182233.33333333334
3336,203300.0
3337,226143.33333333334
3338,310970.0333333333
3339,117436.66666666667
3340,87430.0
3341,218280.0
3342,114636.66666666667
3343,144873.33333333334
3344,121683.33333333333
3345,173500.0
3346,176106.66666666666
3347,89113.33333333333
3348,191040.0
3349,153963.33333333334
3350,63160.0
3351,86163.33333333333
3352,188973.33333333334
3353,411826.9
3354,98063.33333333333
3355,201093.33333333334
3356,307373.36666666664
3357,118703.33333333333
3358,69213.33333333333
3359,322800.1666666667
3360,156356.66666666666
3361,235376.66666666666
3362,117023.33333333333
3363,191483.33333333334
3364,192836.66666666666
3365,123693.33333333333
3366,204550.0
3367,180653.33333333334
3368,178400.0
3369,162853.33333333334
3370,138580.0
3371,185003.33333333334
3372,214923.33333333334
3373,281286.6666666667
3374,148900.0
3375,167193.33333333334
3376,170363.33333333334
3377,261880.0
3378,92933.33333333333
3379,123046.66666666667
3380,435316.9666666667
3381,257493.33333333334
3382,209093.33333333334
3383,170836.66666666666
3384,233263.33333333334
3385,138860.0
3386,199550.0
3387,167610.0
3388,212200.03333333333
3389,228113.33333333334
3390,89510.0
3391,242036.66666666666
3392,71373.3
3393,364326.76666666666
3394,195656.66666666666
3395,342810.0
3396,107130.0
3397,54320.0
3398,421940.1666666667
3399,326096.7
3400,217850.0
3401,328866.76666666666
3402,189500.0
3403,104453.33333333333
3404,174333.33333333334
3405,158183.33333333334
3406,145330.0
3407,332396.76666666666
3408,205163.33333333334
3409,281910.0333333333
3410,68686.66666666667
3411,246816.66666666666
3412,133686.66666666666
3413,92973.33333333333
3414,116593.33333333333
3415,162913.33333333334
3416,203910.0
3417,104810.0
3418,134776.66666666666
3419,339066.73333333334
3420,133710.0
3421,439447.1666666667
3422,304420.0333333333
3423,246656.66666666666
3424,103986.66666666667
3425,62986.666666666664
3426,174623.33333333334
3427,397386.76666666666
3428,111366.66666666667
3429,82113.33333333333
3430,221923.33333333334
3431,237976.7
3432,116500.0
3433,72986.66666666667
3434,115440.0
3435,110060.0
3436,251640.03333333333
3437,142356.66666666666
3438,280830.0
3439,388150.13333333336
3440,364080.23333333334
3441,304333.36666666664
3442,367816.76666666666
3443,114436.66666666667
3444,130400.0
3445,435486.9666666667
3446,82310.0
3447,348223.6
3448,477703.9
3449,91963.33333333333
3450,172556.66666666666
3451,121260.0
3452,194523.33333333334
3453,121130.0
3454,210813.33333333334
3455,177450.0
3456,311846.73333333334
3457,181810.0
3458,394870.23333333334
3459,79046.66666666667
3460,207503.33333333334
3461,164080.0
3462,266916.6666666667
3463,82330.0
3464,318380.06666666665
3465,144036.66666666666
3466,279910.0
3467,197886.66666666666
3468,58516.666666666664
3469,242916.66666666666
3470,137936.66666666666
3471,92910.0
3472,389486.73333333334
3473,122930.0
3474,120446.66666666667
3475,175360.0
3476,477827.5
3477,131443.33333333334
3478,326473.36666666664
3479,228120.0
3480,150133.33333333334
3481,168373.33333333334
3482,71486.66666666667
3483,147756.66666666666
3484,50933.333333333336
3485,143766.66666666666
3486,139640.0
3487,54269.96666666667
3488,222490.03333333333
3489,286203.36666666664
3490,488670.8
3491,312326.7
3492,205703.33333333334
3493,106586.66666666667
3494,68956.66666666667
3495,76123.33333333333
3496,279223.3333333333
3497,249710.0
3498,358423.4
3499,483360.8
3500,302200.0
3501,256503.43333333332
3502,146796.66666666666
3503,64906.666666666664
3504,268400.0333333333
3505,111120.0
3506,422546.9
3507,167623.33333333334
3508,371663.43333333335
3509,267636.6666666667
3510,61963.333333333336
3511,115150.0
3512,298780.0
3513,225536.66666666666
3514,95706.66666666667
3515,138656.66666666666
3516,394040.1
3517,75546.66666666667
3518,376490.0333333333
3519,297213.3333333333
3520,58143.333333333336
3521,158103.33333333334
3522,332780.1
3523,163666.66666666666
3524,263823.4
3525,78686.66666666667
3526,103280.0
3527,271390.0
3528,96833.33333333333
3529,178883.33333333334
3530,145263.33333333334
3531,213523.33333333334
3532,262556.7
3533,159276.66666666666
3534,176113.33333333334
3535,228620.0
3536,185310.0
3537,152093.33333333334
3538,230920.0
3539,496920.93333333335
3540,384280.2
3541,94256.66666666667
3542,113160.0
3543,338176.7
3544,220510.03333333333
3545,482770.8
3546,146920.0
3547,487193.93333333335
3548,278860.1
3549,99956.66666666667
3550,267486.6666666667
3551,288853.3333333333
3552,84870.0
3553,356110.0333333333
3554,61663.333333333336
3555,333423.63333333336
3556,334933.3333333333
3557,255026.66666666666
3558,92906.66666666667
3559,239963.33333333334
3560,169686.66666666666
3561,161453.33333333334
3562,319693.43333333335
3563,470437.23333333334
3564,68763.33333333333
3565,281243.3333333333
3566,392546.8
3567,315100.0333333333
3568,73980.0
3569,151360.0
3570,97010.0
3571,241633.33333333334
3572,118903.33333333333
3573,221686.7
3574,265426.6666666667
3575,177853.33333333334
3576,167296.66666666666
3577,96956.66666666667
3578,334090.1
3579,254433.36666666667
3580,348906.7
3581,137083.33333333334
3582,62500.0
3583,362613.5333333333
3584,178920.0
3585,198433.33333333334
3586,472940.6666666667
3587,113040.0
3588,79056.66666666667
3589,185583.33333333334
3590,72640.0
3591,218546.66666666666
3592,490400.8333333333
3593,489234.13333333336
3594,190623.33333333334
3595,194456.7
3596,135376.66666666666
3597,108876.66666666667
3598,122146.66666666667
3599,53616.666666666664
3600,174023.33333333334
3601,395070.13333333336
3602,143443.36666666667
3603,472420.36666666664
3604,220936.66666666666
3605,197483.33333333334
3606,394740.1
3607,293833.3333333333
3608,227783.33333333334
3609,476877.3
3610,158650.0
3611,482644.13333333336
3612,133800.0
3613,234620.03333333333
3614,194100.0
3615,181490.0
3616,151420.0
3617,151573.33333333334
3618,220823.33333333334
3619,207716.66666666666
3620,236383.33333333334
3621,131200.0
3622,265423.3333333333
3623,113340.0
3624,379750.2
3625,267550.0
3626,468117.3
3627,159030.0
3628,307196.6666666667
3629,87746.66666666667
3630,96793.33333333333
3631,282466.7
3632,369036.73333333334
3633,354000.1666666667
3634,308826.7
3635,143570.0
3636,142433.33333333334
3637,271900.0
3638,253590.03333333333
3639,217970.03333333333
3640,132673.33333333334
3641,483600.8
3642,145866.66666666666
3643,274806.6666666667
3644,101853.33333333333
3645,84900.0
3646,212923.4
3647,71946.66666666667
3648,160370.0
3649,121956.66666666667
3650,132306.66666666666
3651,438887.2
3652,237486.66666666666
3653,78516.66666666667
3654,343373.4
3655,67400.0
3656,322810.0333333333
3657,309196.7
3658,193956.66666666666
3659,180333.33333333334
3660,58023.333333333336
3661,317573.3333333333
3662,428600.4
3663,65136.666666666664
3664,252463.33333333334
3665,82226.66666666667
3666,180656.66666666666
3667,129186.66666666667
3668,83566.66666666667
3669,179920.0
3670,87066.66666666667
3671,84746.66666666667
3672,222870.06666666668
3673,124953.33333333333
3674,151086.66666666666
3675,173160.0
3676,141886.66666666666
3677,280623.3333333333
3678,248423.33333333334
3679,168826.66666666666
3680,189036.66666666666
3681,116003.33333333333
3682,153460.0
3683,266066.6666666667
3684,151233.33333333334
3685,155396.66666666666
3686,222883.36666666667
3687,184730.0
3688,181010.0
3689,412293.5
3690,232713.33333333334
3691,336353.4
3692,196953.33333333334
3693,346190.1
3694,54180.0
3695,154243.33333333334
3696,346753.36666666664
3697,228740.0
3698,99980.0
3699,310363.36666666664
3700,206303.36666666667
3701,116436.66666666667
3702,75010.0
3703,88030.0
3704,163873.33333333334
3705,301870.1
3706,85683.3
3707,193700.0
3708,213756.73333333334
3709,83303.33333333333
3710,109336.66666666667
3711,196586.66666666666
3712,103826.66666666667
3713,140516.66666666666
3714,105336.66666666667
3715,324046.7
3716,96406.66666666667
3717,246120.0
3718,229606.66666666666
3719,122376.66666666667
3720,324660.0
3721,101280.0
3722,313303.3333333333
3723,247743.33333333334
3724,279236.73333333334
3725,142040.0
3726,174753.33333333334
3727,165440.0
3728,148170.0
3729,244160.03333333333
3730,311170.0
3731,199880.0
3732,176416.66666666666
3733,152503.33333333334
3734,73390.0
3735,489254.1666666667
3736,65366.666666666664
3737,71306.66666666667
3738,280080.0
3739,168880.0
3740,172333.33333333334
3741,156486.66666666666
3742,145173.33333333334
3743,236766.8
3744,108176.66666666667
3745,138013.33333333334
3746,384943.56666666665
3747,72586.66666666667
3748,197513.33333333334
3749,175600.0
3750,260230.0
3751,195023.46666666667
3752,298973.36666666664
3753,79483.33333333333
3754,198316.66666666666
3755,138326.66666666666
3756,195560.0
3757,264443.3333333333
3758,73906.66666666667
3759,258043.33333333334
3760,396306.73333333334
3761,223796.66666666666
3762,388633.5333333333
3763,277666.7
3764,216746.66666666666
3765,382750.1666666667
3766,189546.66666666666
3767,239663.33333333334
3768,205443.33333333334
3769,382533.4
3770,89006.66666666667
3771,139443.33333333334
3772,138666.66666666666
3773,415797.0
3774,167710.0
3775,392456.8333333333
3776,269653.3333333333
3777,328060.0
3778,138763.33333333334
3779,109663.33333333333
3780,168710.0
3781,61126.666666666664
3782,143856.66666666666
3783,231536.66666666666
3784,207470.0
3785,231660.0
3786,291203.3333333333
3787,165273.33333333334
3788,212320.0
3789,117640.0
3790,109930.0
3791,158290.0
3792,276126.8
3793,64970.0
3794,369256.73333333334
3795,126640.0
3796,106903.33333333333
3797,105263.33333333333
3798,85106.66666666667
3799,136366.66666666666
3800,358680.06666666665
3801,252540.0
3802,385656.9
3803,171233.33333333334
3804,114240.0
3805,229340.0
3806,222010.0
3807,157336.66666666666
3808,73240.0
3809,189993.4
3810,222600.0
3811,293546.6666666667
3812,258500.0
3813,211223.33333333334
3814,301993.3333333333
3815,70130.0
3816,462857.2
3817,61886.666666666664
3818,212826.66666666666
3819,302790.0
3820,213190.03333333333
3821,117716.66666666667
3822,282300.0333333333
3823,232713.33333333334
3824,77340.0
3825,90460.0
3826,105110.0
3827,133743.33333333334
3828,198746.66666666666
3829,215636.66666666666
3830,196493.33333333334
3831,491247.5333333333
3832,86156.66666666667
3833,229503.46666666667
3834,125790.0
3835,356093.36666666664
3836,199726.66666666666
3837,104766.66666666667
3838,105823.33333333333
3839,86933.33333333333
3840,308976.8333333333
3841,346746.7
3842,251070.0
3843,265756.6666666667
3844,75083.33333333333
3845,242863.33333333334
3846,108240.0
3847,94123.33333333333
3848,241280.0
3849,144136.66666666666
3850,57250.0
3851,213563.33333333334
3852,195663.33333333334
3853,66080.0
3854,258726.66666666666
3855,172683.33333333334
3856,211190.0
3857,51413.333333333336
3858,161550.0
3859,84290.0
3860,308356.7
3861,231520.0
3862,252356.66666666666
3863,122180.0
3864,91943.33333333333
3865,247900.03333333333
3866,166713.33333333334
3867,157003.33333333334
3868,274286.6666666667
3869,158640.0
3870,98606.66666666667
3871,93373.33333333333
3872,330960.0333333333
3873,430777.0
3874,270890.0
3875,143926.66666666666
3876,219233.33333333334
3877,174956.66666666666
3878,96480.0
3879,199246.66666666666
3880,212100.0
3881,247863.33333333334
3882,426283.7
3883,483224.13333333336
3884,128940.0
3885,224926.66666666666
3886,250373.36666666667
3887,418666.9
3888,222156.66666666666
3889,64693.333333333336
3890,230370.0
3891,183113.33333333334
3892,190683.33333333334
3893,449453.73333333334
3894,244576.66666666666
3895,348323.3333333333
3896,175776.7
3897,316193.3333333333
3898,122076.66666666667
3899,228793.33333333334
3900,366300.13333333336
3901,145363.33333333334
3902,427253.6
3903,260166.66666666666
3904,168506.66666666666
3905,83313.33333333333
3906,251090.0
3907,93583.33333333333
3908,305410.0
3909,149610.03333333333
3910,335700.06666666665
3911,254983.33333333334
3912,99596.66666666667
3913,260283.43333333332
3914,244083.33333333334
3915,303250.1
3916,86923.33333333333
3917,131840.0
3918,216013.36666666667
3919,219256.66666666666
3920,79663.33333333333
3921,269436.6666666667
3922,180993.33333333334
3923,357513.36666666664
3924,205110.0
3925,101270.0
3926,384970.06666666665
3927,225643.33333333334
3928,179403.33333333334
3929,175993.33333333334
3930,199176.66666666666
3931,276836.6666666667
3932,116946.66666666667
3933,292946.6666666667
3934,209096.66666666666
3935,320606.6666666667
3936,231743.33333333334
3937,227020.0
3938,355986.7
3939,297066.6666666667
3940,422313.5333333333
3941,328380.0
3942,195976.66666666666
3943,99810.0
3944,128443.33333333333
3945,327493.43333333335
3946,187033.33333333334
3947,319443.36666666664
3948,201486.66666666666
3949,277410.0
3950,110926.66666666667
3951,144890.0
3952,352056.73333333334
3953,300203.36666666664
3954,178613.33333333334
3955,181280.0
3956,145470.0
3957,230633.33333333334
3958,163060.0
3959,99106.66666666667
3960,186880.0
3961,333916.8
3962,78160.0
3963,129703.33333333333
3964,262910.0
3965,436720.36666666664
3966,406656.8333333333
3967,131410.0
3968,70160.0
3969,143106.66666666666
3970,381146.73333333334
3971,337743.36666666664
3972,239840.0
3973,72503.33333333333
3974,398160.06666666665
3975,335873.36666666664
3976,175613.33333333334
3977,321186.73333333334
3978,213070.0
3979,212283.33333333334
3980,209353.33333333334
3981,211823.33333333334
3982,81820.0
3983,188250.0
3984,128023.33333333333
3985,168936.66666666666
3986,206133.33333333334
3987,107326.66666666667
3988,77116.66666666667
3989,155000.0
3990,103503.33333333333
3991,122233.33333333333
3992,86560.0
3993,51570.0
3994,248873.33333333334
3995,186056.66666666666
3996,75470.0
3997,140150.0
3998,313823.3333333333
3999,174753.33333333334
4000,121410.0
4001,198330.0
4002,193680.06666666668
4003,77326.66666666667
4004,402193.5333333333
4005,127016.66666666667
4006,307606.6666666667
4007,228136.7
4008,291523.3333333333
4009,245186.7
4010,174746.66666666666
4011,393680.1
4012,109223.33333333333
4013,281483.3333333333
4014,187093.33333333334
4015,102203.33333333333
4016,159366.66666666666
4017,413630.36666666664
4018,148073.33333333334
4019,159776.66666666666
4020,91153.33333333333
4021,336633.4
4022,315363.3333333333
4023,150623.33333333334
4024,263240.06666666665
4025,55783.333333333336
4026,74363.33333333333
4027,336576.6666666667
4028,331833.56666666665
4029,146196.66666666666
4030,156183.33333333334
4031,132593.33333333334
4032,120400.0
4033,303563.36666666664
4034,101613.3
4035,247290.0
4036,180116.66666666666
4037,261933.33333333334
4038,89660.0
4039,140346.66666666666
4040,214156.66666666666
4041,79870.0
4042,223263.33333333334
4043,77013.3
4044,111456.66666666667
4045,225903.33333333334
4046,205670.0
4047,213790.0
4048,386153.43333333335
4049,86316.66666666667
4050,190543.33333333334
4051,129870.0
4052,377300.1666666667
4053,88173.33333333333
4054,262506.6666666667
4055,256776.73333333334
4056,277213.3333333333
4057,203246.7
4058,98643.33333333333
4059,61140.0
4060,277773.36666666664
4061,262790.0
4062,214640.0
4063,241536.66666666666
4064,302340.0
4065,138500.0
4066,454920.5
4067,220763.33333333334
4068,56436.666666666664
4069,466747.1
4070,179960.0
4071,276133.3333333333
4072,386110.3
4073,254180.0
4074,225403.33333333334
4075,326096.6666666667
4076,96023.33333333333
4077,257046.66666666666
4078,118790.0
4079,267240.0
4080,216376.66666666666
4081,243766.66666666666
4082,342290.1666666667
4083,185990.0
4084,70026.66666666667
4085,209440.0
4086,71296.66666666667
4087,314960.0
4088,331716.76666666666
4089,111080.0
4090,111906.66666666667
4091,227000.0
4092,343466.7
4093,193993.33333333334
4094,123850.0
4095,229043.33333333334
4096,270640.0
4097,126726.66666666667
4098,69113.33333333333
4099,229423.33333333334
4100,123150.0
4101,119670.0
4102,131640.0
4103,82543.33333333333
4104,171383.33333333334
4105,249276.7
4106,270166.6666666667
4107,96016.66666666667
4108,261350.0
4109,133856.66666666666
4110,128496.66666666667
4111,90940.0
4112,79836.66666666667
4113,117523.33333333333
4114,181870.0
4115,277380.0
4116,153110.0
4117,370863.4
4118,461827.2
4119,297576.6666666667
4120,89836.66666666667
4121,181266.66666666666
4122,88033.33333333333
4123,93106.66666666667
4124,162593.33333333334
4125,347480.1666666667
4126,176046.66666666666
4127,128606.66666666667
